﻿<?xml version="1.0" encoding="utf-8"?>
<ModMetaData>
    <name>[SimplySublime] - Bok Choy</name>
    <author>SimplySublime</author>
    <url>https://ludeon.com/forums/index.php?topic=39235.msg399610#msg399610</url>
    <supportedVersions>
        <li>1.0.2150</li>
    </supportedVersions>
    <description>What is Bok Choy? Well it's a Chinese cabbage, grows fast and is nutritious. Growing time is 4 days, gives 6-7 yield per plant and provides .21 nutrition per piece. 

Plain veggies not for you? Cook 5 Bok Choy with 5 meat to get 4x Bok Choy Soups that deliver that savory +5 mood bonus for a yummy meal! 

Why have rice when you could have, Bok Choy?</description>
</ModMetaData>