﻿<?xml version="1.0" encoding="utf-8"?>
<Defs>
    <ThingDef ParentName="PlantBase">
        <defName>PlantBokChoy</defName>
        <label>Bok Choy Plant</label>
        <description>Bok Choy is a type of Chinese cabbage. Grows fast and yields a lot but have low nutrition levels.</description>
        <statBases>
            <MaxHitPoints>85</MaxHitPoints>
            <Nutrition>0.21</Nutrition>
        </statBases>
        <graphicData>
            <texPath>Things/Plant/BokChoyPlant</texPath>
            <graphicClass>Graphic_Single</graphicClass>
        </graphicData>
        <selectable>true</selectable>
        <pathCost>10</pathCost>
        <plant>
            <fertilitySensitivity>0.4</fertilitySensitivity>
            <dieIfLeafless>true</dieIfLeafless>
            <harvestTag>Standard</harvestTag>
            <harvestedThingDef>RawBokChoy</harvestedThingDef>
            <harvestYield>7</harvestYield>
            <sowTags>
                <li>Ground</li>
                <li>Hydroponic</li>
            </sowTags>
            <topWindExposure>0.1</topWindExposure>
            <growDays>4</growDays>
            <visualSizeRange>
                <min>0.1</min>
                <max>0.9</max>
            </visualSizeRange>
        </plant>
    </ThingDef>
</Defs>