﻿<?xml version="1.0" encoding="utf-8"?>
<Defs>
    <HediffDef>
        <defName>BokChoyEAT</defName>
        <label>Ate Bok Choy</label>
        <initialSeverity>1</initialSeverity>
        <hediffClass>HediffWithComps</hediffClass>
        <comps>
            <li Class="HediffCompProperties_SeverityPerDay">
                <severityPerDay>-1.0</severityPerDay>
            </li>
        </comps>
        <stages>
            <li>
                <statOffsets>
                    <SocialImpact>0.05</SocialImpact>
                </statOffsets>
            </li>
        </stages>
    </HediffDef>
</Defs>